,football_soccer,swimming,esports
Interests,41.38454,30.477953,34.210854
Strengths,27.830734,40.61002,23.248178
Physical,26.237253,23.355185,30.153358
Demographics,4.5474734,5.5568457,12.387608
